{
	"edgeVals" : 
	{
		"generationID" : 0,
		"paramID" : 16,
		"params" : 
		[
			[
				0.070815860620411897
			],
			[
				0.2249191534833227
			],
			[
				0.36014748901661164
			],
			[
				0.5356499435234543
			],
			[
				0.24531593276940644
			],
			[
				0.10275852821723763
			],
			[
				0.99441222257290296
			],
			[
				0.75648481343564788
			],
			[
				0.28249152215698936
			],
			[
				0.88843441095270159
			],
			[
				0.466343254612269
			],
			[
				0.15250350649883493
			],
			[
				0.99494275571016078
			],
			[
				0.49427331965847421
			],
			[
				0.54260664361331712
			]
		],
		"populationID" : 16,
		"scores" : []
	},
	"feedbackVals" : 
	{
		"generationID" : 0,
		"paramID" : 32,
		"params" : 
		{
			"neuralFilename" : "NeuralNet/monteOut_feedbackVals_0_99.nnw",
			"neuralParams" : 
			[
				0.15786431429324654,
				-0.79474513725761442,
				-0.37230261278904142,
				-0.4543778492877717,
				-0.91238476522284317,
				0.12983859603792469,
				-0.19907589164893391,
				-0.89337138501089153,
				-0.082057800105835188,
				-0.50631210440214236,
				0.51691060669829048,
				-0.62946300197544836,
				-0.34104677475098222,
				-0.8586158386470919,
				0.54422164043562793,
				0.5137189194095555,
				-0.15588906642743461,
				0.88841206926996352,
				0.12087756162479035,
				-0.55520844859383112,
				0.28851563774829159,
				0.21143918650954241,
				-0.66793106220773391,
				-0.13159126423619383,
				0.26183671057089142,
				0.96755821001018294,
				0.64077881536305004,
				-0.93866994862179776,
				-0.69910985679043214,
				-0.6207043668029768,
				0.59177557357081945,
				0.95265886161252977,
				0.029501607598597657,
				-0.018315615036672339,
				0.85138566416920436,
				0.40834115431219509,
				-0.71648310292937611,
				-0.83679261930514626,
				-0.39212524732188037,
				-0.72786169642167331,
				0.10187896253538575,
				0.10533942349446379,
				-0.30511618673194585,
				0.31641744100266056,
				-0.68339536382252497
			],
			"numActions" : 5,
			"numHidden" : 5,
			"numStates" : 2
		},
		"populationID" : 32,
		"scores" : []
	},
	"generationID" : 0,
	"goalVals" : 
	{
		"generationID" : 0,
		"paramID" : 6,
		"params" : 
		{
			"neuralFilename" : "NeuralNet/monteOut_goalVals_0_99.nnw",
			"neuralParams" : 
			[
				-0.60125239806624453,
				-0.025195677052387566,
				-0.11582429826758611,
				-0.47190226107145494,
				-0.11803007132011123,
				0.62757407976159607,
				0.71781172037510732,
				0.50824459927683474,
				0.038281421020701423,
				-0.87320808785110038,
				0.70446627509368787,
				-0.66511884597906268,
				-0.76877555829612576,
				0.25277817946189263,
				-0.55743021839826046,
				0.65258210667081795,
				0.14435987062160427,
				-0.32783776535569964,
				0.68919861603199695,
				-0.13892320426295779,
				-0.042693747806420879,
				0.6414836418323,
				0.68602865448367467,
				0.019674467051784106,
				-0.47387829185565478,
				-0.0050594663322927058,
				0.24623399522172562,
				0.93031499788204242,
				-0.011177283701713447,
				-0.67429175057704249,
				-0.067218035641535279,
				-0.97655965524487587,
				0.63865434173392033,
				-0.43678094544769253,
				-0.70887211756931401,
				0.75892732575977195,
				0.20073734319748193,
				0.65142171432523099,
				0.81628260980514589,
				0.48034377178363652,
				0.14166497991981841,
				0.38388412496082847,
				0.41367351534531482,
				0.32877646341989175,
				0.48303518252373001,
				0.16793613625643822,
				-0.3653716825079325,
				-0.48458815776051978,
				0.66084214525096541,
				0.55077386345425228,
				0.034257111718912547,
				0.62505689139416698,
				-0.069995160763450359,
				-0.54186545042440826,
				-0.57911773992456617,
				0.46286377030559511,
				-0.21067113582542341,
				0.4366422787081341,
				-0.28791696354557739,
				0.12504755680064195
			],
			"numActions" : 5,
			"numHidden" : 5,
			"numStates" : 5
		},
		"populationID" : 6,
		"scores" : []
	},
	"memberID" : 0,
	"nodeVals" : 
	{
		"generationID" : 0,
		"paramID" : 31,
		"params" : 
		[
			[
				0.22879658497287592,
				0.92593270465937372,
				0.47990971816676176,
				0.29705884202854016,
				0.93664671690904511
			]
		],
		"populationID" : 31,
		"scores" : []
	},
	"scores" : 
	[
		{
			"distance" : 2.9119245367489608,
			"energy" : 0
		}
	]
}
