{
	"edgeVals" : 
	{
		"generationID" : 0,
		"paramID" : 69,
		"params" : 
		[
			[
				0.14555045457852012
			],
			[
				0.93439312584336376
			],
			[
				0.93152314755620702
			],
			[
				0.56905401993248228
			],
			[
				0.806575337491096
			],
			[
				0.24746651559743771
			],
			[
				0.42054483267784004
			],
			[
				0.71257194885683928
			],
			[
				0.88843263168948783
			],
			[
				0.31452478409660645
			],
			[
				0.71364037306899231
			],
			[
				0.33387894079831781
			],
			[
				0.66820682919062291
			],
			[
				0.96639804232649429
			],
			[
				0.71640560830656452
			]
		],
		"populationID" : 69,
		"scores" : []
	},
	"feedbackVals" : 
	{
		"generationID" : 0,
		"paramID" : 3,
		"params" : 
		{
			"neuralFilename" : "NeuralNet/monteOut_feedbackVals_0_99.nnw",
			"neuralParams" : 
			[
				-0.12347263908407369,
				0.45012862690611954,
				-0.24765196801631384,
				-0.25487453142086802,
				-0.59310652953065368,
				0.072853205058074133,
				0.25219802492373655,
				-0.51855787624169225,
				0.80787239387899112,
				0.88563886458605778,
				-0.21971597201576309,
				-0.62928243963737929,
				0.8444642540263565,
				-0.2159768634799617,
				-0.73311142666634566,
				0.5992159289287815,
				0.29157936360163017,
				-0.3553101013541704,
				0.26153091520475069,
				0.24770773115503375,
				0.3538731201432268,
				0.86094896156448253,
				-0.0079222075813791815,
				-0.90059072084366143,
				-0.9793727693446741,
				-0.98168650348547937,
				-0.70872562277666296,
				0.40144958182692148,
				0.015509135657317152,
				-0.32145652654882473,
				0.44604237620113008,
				-0.43040768080210978,
				-0.35989897709621999,
				-0.19373069881656368,
				0.74635574900922719,
				-0.7364245458267269,
				0.8019157415199567,
				-0.026275445608263226,
				0.060794126798396908,
				-0.53881728213438307,
				-0.42933980225982404,
				-0.94054434311365465,
				-0.25104591898006157,
				-0.63121997438572897,
				0.84048481847569234
			],
			"numActions" : 5,
			"numHidden" : 5,
			"numStates" : 2
		},
		"populationID" : 3,
		"scores" : []
	},
	"generationID" : 0,
	"goalVals" : 
	{
		"generationID" : 0,
		"paramID" : 82,
		"params" : 
		{
			"neuralFilename" : "NeuralNet/monteOut_goalVals_0_99.nnw",
			"neuralParams" : 
			[
				0.34419231042476128,
				-0.98763293605194113,
				-0.97148778110047629,
				-0.39797980806973832,
				-0.54666520124790097,
				0.7552752810541008,
				0.87946379933823038,
				0.1054930860843577,
				-0.35198074852037431,
				0.078758012275686573,
				-0.63546126967759964,
				-0.11628465917168684,
				0.85940370395539212,
				-0.61416121759222708,
				0.23628148825336814,
				0.49652367799142882,
				0.77946519668949188,
				-0.2291023770154943,
				0.41080939763316371,
				-0.015934169135812359,
				-0.49982284470918303,
				0.9655297302506527,
				-0.21732407280929245,
				-0.21324163714968347,
				0.72057039395580968,
				-0.68426009016037637,
				0.11579693631461963,
				-0.58309272774218335,
				-0.10633216004241919,
				-0.87098491800095723,
				0.81508140919222627,
				-0.85271512077206957,
				-0.28320461364373495,
				-0.67706896773554903,
				-0.77987923395984105,
				-0.40954216873457261,
				0.76370269032150162,
				-0.036554335647438929,
				-0.065129263861231523,
				-0.81726878682176718,
				-0.56213853748721232,
				0.7897799454321186,
				-0.072243270403391957,
				-0.57449961954449158,
				-0.48133646723249535,
				0.64862255603482399,
				-0.49907403634196679,
				-0.15397061962693126,
				-0.44613503844901103,
				-0.68272858172570472,
				0.21439048135759542,
				-0.52086886656114451,
				0.40237350060748756,
				0.69772491846522255,
				-0.26824140971141031,
				-0.34551522900891674,
				0.33968417649014393,
				-0.36682327454672281,
				0.52855165574384544,
				-0.40494427352245221
			],
			"numActions" : 5,
			"numHidden" : 5,
			"numStates" : 5
		},
		"populationID" : 82,
		"scores" : []
	},
	"memberID" : 15,
	"nodeVals" : 
	{
		"generationID" : 0,
		"paramID" : 37,
		"params" : 
		[
			[
				0.61596246986315717,
				0.82752339443862111,
				0.31355985552626253,
				0.68770268634359566,
				0.59773155664420963
			]
		],
		"populationID" : 37,
		"scores" : []
	},
	"scores" : 
	[
		{
			"distance" : 2.6814343131922875,
			"energy" : 0
		}
	]
}
