{
	"edgeVals" : 
	{
		"generationID" : 0,
		"paramID" : 16,
		"params" : 
		[
			[
				0.18248376239229869
			],
			[
				0.12489367734055734
			],
			[
				0.052012764012816404
			],
			[
				0.93717108214503619
			],
			[
				0.65660092194009811
			],
			[
				0.81612409021797883
			],
			[
				0.34370015285334465
			],
			[
				0.70835786636068354
			],
			[
				0.42362799238155135
			],
			[
				0.77126836606337401
			],
			[
				0.68610598985454307
			],
			[
				0.39506281549988931
			],
			[
				0.79064194233423113
			],
			[
				0.68765516336060095
			],
			[
				0.64332204174513485
			]
		],
		"populationID" : 16,
		"scores" : []
	},
	"feedbackVals" : 
	{
		"generationID" : 0,
		"paramID" : 42,
		"params" : 
		{
			"neuralFilename" : "NeuralNet/monteOut_feedbackVals_0_99.nnw",
			"neuralParams" : 
			[
				0.28359501995013692,
				0.32923478385300209,
				-0.70335330324942213,
				-0.050548976630731213,
				0.99478854008607009,
				-0.95299292458533547,
				-0.18808408069876537,
				-0.70995146215602967,
				-0.7230674462577833,
				-0.27312879453360761,
				-0.086442630681244914,
				-0.76247591527319347,
				-0.73126204360520308,
				0.32292708516962532,
				0.95131729517412911,
				-0.13788415173061663,
				-0.70069234541655168,
				0.31240557416898307,
				0.11837010398853698,
				0.57512930123162764,
				-0.096596934001246249,
				0.83366947035440453,
				0.96030302082631747,
				0.93499800008061107,
				-0.23848426115665311,
				-0.97310002143095553,
				0.58244622391769219,
				0.78287947383370082,
				0.16026215999265458,
				0.28253874845842519,
				0.5136245398261523,
				0.059237942254973142,
				0.28972667093193105,
				0.55448303974631652,
				0.35219595480945953,
				0.08219994730288982,
				-0.93400692290420517,
				0.89875855203012578,
				0.32884667279486512,
				-0.64734707656182877,
				-0.21213303367645264,
				0.20542229041636673,
				-0.45249854253725474,
				0.20238636689206047,
				0.63118091131589038
			],
			"numActions" : 5,
			"numHidden" : 5,
			"numStates" : 2
		},
		"populationID" : 42,
		"scores" : []
	},
	"generationID" : 0,
	"goalVals" : 
	{
		"generationID" : 0,
		"paramID" : 29,
		"params" : 
		{
			"neuralFilename" : "NeuralNet/monteOut_goalVals_0_99.nnw",
			"neuralParams" : 
			[
				0.72999162128931161,
				-0.87332208847883663,
				0.74865366446985004,
				0.91546689619547639,
				-0.89561618124249276,
				-0.61154629382031578,
				0.76523507369110622,
				-0.68364342012508295,
				-0.2256497440223757,
				0.47902554479733261,
				0.76884876146129044,
				0.005148044968633636,
				0.74162138774307396,
				-0.14956346264462983,
				0.33051524975185242,
				-0.63586709973975264,
				0.8459554718478457,
				-0.11851070194731861,
				-0.89046120705718179,
				-0.12331909322789136,
				-0.13914337430214219,
				0.63020971524992975,
				-0.64630877035095846,
				-0.048840174167396722,
				-0.81554538796073173,
				0.36659981730598457,
				-0.74009498933221174,
				-0.64069756858283577,
				-0.70791607324533601,
				-0.078360393889354008,
				-0.83751750781866385,
				-0.71528153012128293,
				0.5245931563123285,
				0.39230569553251571,
				-0.11668128142441869,
				-0.23733727318952713,
				0.73137853035691403,
				-0.53769372656508807,
				-0.92358949710716098,
				-0.037629635359585301,
				-0.078362156711632602,
				0.075266817304563416,
				0.6014856805905715,
				0.60250378800769933,
				-0.70115177714127142,
				0.45930335440400438,
				-0.73669186875557813,
				-0.38748571206606219,
				0.21685249674585694,
				0.039773494558844602,
				0.78673437458728901,
				0.66436775549755089,
				0.71352190630924595,
				0.82174471828654405,
				-0.14229309704109028,
				-0.52335447339117946,
				0.1151711531361026,
				-0.3267998764212583,
				-0.50082399760521334,
				-0.77589609758726397
			],
			"numActions" : 5,
			"numHidden" : 5,
			"numStates" : 5
		},
		"populationID" : 29,
		"scores" : []
	},
	"memberID" : 12,
	"nodeVals" : 
	{
		"generationID" : 0,
		"paramID" : 33,
		"params" : 
		[
			[
				0.12970270539687545,
				0.36677066588135876,
				0.67666290006122687,
				0.38218957705190637,
				0.59881337135205359
			]
		],
		"populationID" : 33,
		"scores" : []
	},
	"scores" : 
	[
		{
			"distance" : 2.8767094005887754,
			"energy" : 0
		},
		{
			"distance" : 2.8767094005887754,
			"energy" : 0
		}
	]
}
